Transaction ID,TimeStamp,Amount,Customer ID,Payment Method
999261,1698617917,1759.69,5655,PayPal
785175,1690195733,1237.34,11738,PayPal
731665,1695778565,1644.61,11167,Google Pay
330716,1681465168,923.89,8895,Google Pay
550474,1686770039,1192.04,12054,Credit Card
186964,1689618297,924.41,6303,Google Pay
470966,1698413149,219.55,9132,Credit Card
506664,1700788528,495.85,7131,PayPal
137670,1679971721,1105.72,11600,Debit Card
984131,1700374385,1159.73,6515,Google Pay
315042,1688781490,458.28,13868,Google Pay
191673,1705218246,1855.4,12710,PayPal
211890,1682925876,737.0,10517,Google Pay
766286,1680852776,1374.65,12527,PayPal
974065,1693946725,1050.41,13917,Google Pay
965618,1691404096,1599.77,11044,PayPal
123751,1687092337,519.85,13176,PayPal
629456,1700560064,220.61,13458,Debit Card
297877,1706534996,1148.14,5745,Google Pay
973434,1703855591,535.05,8593,Debit Card
860361,1705092605,207.48,6752,Google Pay
339947,1684224039,1850.94,8925,Credit Card
750640,1703271036,786.57,12683,Credit Card
694781,1701816893,612.68,8802,Google Pay
664478,1706127005,1860.35,6877,Google Pay
931899,1706515865,1168.46,9195,Debit Card
400187,1693907118,1225.02,6036,Google Pay
190071,1697213472,430.84,11808,PayPal
505228,1694220377,1113.1,8180,Debit Card
690819,1683418650,752.51,12087,Google Pay
719939,1705534132,1938.39,10848,Debit Card
750957,1682839680,953.72,11608,Google Pay
614670,1692671241,1203.69,6545,Debit Card
921656,1683074418,1197.21,7446,Debit Card
442632,1692969752,825.77,9421,Credit Card
330194,1690115225,1857.11,11603,PayPal
854534,1685210146,252.38,11133,Credit Card
116024,1695078308,859.76,7236,PayPal
692342,1696303725,1200.23,13969,Debit Card
497050,1677436990,281.12,13078,Debit Card
907053,1698876305,213.97,8497,Google Pay
848560,1680500385,1471.56,6803,Credit Card
149050,1691703314,1788.16,11569,Google Pay
547997,1700415806,621.97,8779,Google Pay
247731,1681964843,312.27,12844,Google Pay
705266,1704351018,1144.25,13850,Debit Card
805508,1697385898,624.33,5941,Google Pay
579640,1707829449,535.49,11122,Credit Card
171825,1690183461,699.94,8782,Debit Card
552489,1695347163,741.56,7252,Credit Card
994705,1695781755,1907.88,10723,Debit Card
840628,1688725740,607.62,12857,Credit Card
783323,1700455698,201.89,12427,Debit Card
679826,1683419380,960.77,10280,Credit Card
404183,1687847634,363.49,8266,Credit Card
269201,1703068497,666.41,10472,Debit Card
824475,1683468337,1722.06,8886,PayPal
116777,1698736803,37.39,8434,PayPal
150636,1684628338,1672.5,8089,PayPal
563846,1684860016,145.31,6838,Google Pay
424182,1678025758,96.65,12295,Google Pay
720270,1679641410,1674.65,13994,Google Pay
292923,1686944790,1918.71,11301,Google Pay
329694,1702879255,394.88,8277,Google Pay
524851,1690195959,1090.34,5156,PayPal
588034,1686726535,1214.34,11646,Google Pay
963491,1685124050,1576.14,13794,Credit Card
195043,1677558950,657.42,6124,PayPal
352358,1686213631,1713.79,8861,PayPal
346451,1706290833,1836.41,6714,Debit Card
105500,1702947616,114.8,9563,Google Pay
260616,1682547858,987.41,10492,Google Pay
970219,1693805922,716.02,7159,PayPal
667613,1695926988,1508.32,9703,PayPal
505202,1706860589,174.74,6097,Debit Card
139954,1689866517,1166.44,5484,Credit Card
171938,1693804367,1145.58,7535,Credit Card
662878,1693310180,958.68,8254,Debit Card
815203,1685297394,1454.6,13290,Credit Card
283031,1682775276,1913.93,13613,PayPal
793506,1684002547,281.34,12269,Credit Card
872003,1702160482,1157.16,9504,Debit Card
589744,1693591329,1434.04,7956,Debit Card
414195,1682838104,854.25,12307,Debit Card
526502,1688178112,1653.96,11070,Google Pay
197531,1680483190,1058.42,6008,Debit Card
203217,1678569865,1034.56,5102,Credit Card
942095,1707255188,518.57,11287,Credit Card
814412,1701832035,1987.26,10683,PayPal
457634,1688154921,194.68,10800,PayPal
761036,1700915443,773.98,6673,Credit Card
199098,1689099507,1751.74,11375,Credit Card
628313,1681761743,646.01,11609,Debit Card
259254,1690956823,1238.98,11533,Credit Card
414687,1683243723,1508.94,12951,Debit Card
451219,1687504353,1763.91,7933,PayPal
996278,1706851892,698.85,6712,Debit Card
582327,1695812488,1095.3,7696,Google Pay
562864,1704993193,1899.11,12092,Google Pay
145372,1685095847,396.94,13974,PayPal
529729,1682984133,1716.38,11578,Credit Card
196333,1680089022,383.67,13399,Google Pay
935392,1701173840,618.47,9878,PayPal
553156,1682444753,1114.35,5598,Debit Card
302591,1692986505,577.81,7959,Debit Card
745574,1700114545,1008.72,10885,PayPal
388566,1692995684,794.73,5148,Google Pay
143620,1685526166,1766.74,5408,Debit Card
472211,1696192262,1048.56,6947,Debit Card
844870,1701946306,1223.98,12954,Debit Card
401755,1701388617,1984.13,11448,Google Pay
980050,1699462915,335.96,13159,Credit Card
986981,1680782891,1420.46,6914,PayPal
694223,1695735306,861.22,13202,Credit Card
149530,1696091861,916.65,5382,Credit Card
812410,1702908936,1781.81,11733,Google Pay
287938,1683741117,653.76,5230,Debit Card
632483,1690221221,1594.66,6789,Credit Card
555586,1703236119,583.14,11398,PayPal
738123,1687775978,1619.36,9496,Google Pay
463948,1706051944,1046.31,10071,Google Pay
894429,1707983240,584.03,10560,Debit Card
845228,1706314142,403.47,9934,Debit Card
680895,1686155114,719.69,11186,Credit Card
220718,1689637646,1520.71,10910,PayPal
786120,1681062405,983.28,13608,Debit Card
707773,1704541116,1754.04,11956,Google Pay
986931,1698961854,1814.11,8085,PayPal
355190,1697120112,1871.55,7027,Credit Card
431319,1689056132,1648.86,8351,Credit Card
449703,1708243834,1046.94,9792,Credit Card
763418,1703336926,1136.35,6848,Credit Card
813981,1693357189,283.38,5981,Google Pay
329503,1685525738,1871.16,12167,Debit Card
444507,1685732019,798.61,12490,PayPal
974281,1707834126,792.69,7451,PayPal
211173,1696735654,819.25,6187,Google Pay
709676,1697780600,664.26,11032,Credit Card
666256,1681918348,702.91,8947,Credit Card
495963,1704916753,1066.19,9637,Credit Card
369616,1693753251,1926.59,12173,Debit Card
474779,1708096098,328.48,7754,Google Pay
819824,1700490339,1724.09,5388,Credit Card
906554,1704849491,1898.29,7867,PayPal
688973,1695294155,1601.91,13286,Debit Card
734296,1687234611,1544.63,12378,Credit Card
460762,1698566351,1733.32,8274,PayPal
379917,1690233866,316.19,7081,Debit Card
231624,1698402434,998.32,12180,Google Pay
203950,1692425857,138.77,12115,Google Pay
592696,1693305195,158.78,6032,Credit Card
286547,1700391075,1910.24,6498,PayPal
966175,1707587460,1311.04,10923,Debit Card
263842,1691279312,500.94,9948,Credit Card
517945,1683217212,1856.73,6319,Google Pay
714522,1693035159,1802.74,6121,Debit Card
390047,1681721219,1010.54,11867,Credit Card
264172,1682004609,1324.56,8022,Credit Card
681943,1688788515,667.2,13679,Debit Card
366813,1698580276,764.17,8749,Debit Card
261146,1687783900,891.77,13191,Google Pay
857457,1690993361,1100.03,10348,Credit Card
631004,1677160282,221.28,6803,Debit Card
286796,1691475049,555.3,10144,Debit Card
991874,1677021904,1938.12,8546,Credit Card
938516,1689337844,308.21,7906,Debit Card
861169,1689108990,723.03,8162,Debit Card
733516,1679450311,1884.99,9795,Google Pay
454225,1693468429,883.03,9650,PayPal
817959,1691737515,282.75,9933,Credit Card
764818,1691525470,1455.09,6516,Google Pay
743658,1684849450,144.55,12992,PayPal
748781,1687766034,1924.02,7592,Google Pay
237491,1692272522,89.69,7465,Credit Card
852290,1700263032,1053.65,5386,Debit Card
988040,1707478150,193.7,6737,PayPal
844828,1677602481,673.53,7854,PayPal
176994,1681515881,1507.71,10331,Credit Card
616518,1690304222,1504.2,11743,PayPal
307322,1677328312,750.76,12096,Google Pay
867000,1680344134,1232.82,7284,Google Pay
297107,1680634770,345.68,11442,Credit Card
100320,1704649047,366.64,12857,Credit Card
997193,1701031362,1922.41,10747,Credit Card
642983,1699373746,461.7,6848,Debit Card
476183,1704790582,1489.33,6147,PayPal
161954,1685975540,1660.89,9408,PayPal
558632,1701324337,450.74,8656,Debit Card
668744,1678044439,1782.65,8379,Debit Card
334507,1708359854,1839.08,8255,Google Pay
345533,1682104095,1463.73,11568,Debit Card
257530,1689680757,1073.33,7090,PayPal
175559,1678401737,1446.91,11006,Google Pay
271443,1691581036,1523.38,8676,Google Pay
375592,1692730510,995.95,11054,Google Pay
750148,1685591707,979.84,7152,Google Pay
962473,1683776172,170.77,9057,Debit Card
794658,1689850135,635.06,12443,PayPal
780047,1707336341,765.39,8016,Debit Card
581889,1681133488,1432.11,7531,Google Pay
153224,1697640363,1138.86,10812,PayPal
872425,1700169381,280.6,5580,Debit Card
284758,1705164739,352.91,9618,Google Pay
844414,1700668548,1802.09,12023,Debit Card
240105,1681770136,1056.11,8010,Google Pay
343896,1704035574,215.48,10487,Google Pay
483316,1685922745,949.43,13458,Credit Card
392648,1701546194,1613.88,11740,Debit Card
422610,1685164821,1582.49,8367,Google Pay
869648,1701120527,308.21,11412,Google Pay
286716,1678032630,1221.02,5236,Debit Card
663995,1691100017,749.73,9390,PayPal
344538,1700912837,947.49,9914,PayPal
318482,1680749313,1495.19,7760,Debit Card
220560,1699414924,890.1,5116,Credit Card
515823,1684425329,1813.07,9618,PayPal
212203,1685614366,1014.19,13743,PayPal
368104,1704347913,829.25,11149,Google Pay
485305,1699911916,1988.14,7265,Credit Card
918741,1695503131,1181.86,11683,Google Pay
371943,1681032446,1171.27,7010,Credit Card
382825,1680016370,1335.27,6517,Credit Card
668813,1691354816,988.59,11528,Google Pay
344449,1703382155,296.01,9979,Google Pay
315548,1706102200,248.04,5604,Credit Card
562315,1708167943,807.32,12459,Google Pay
205803,1688918555,405.77,10972,Debit Card
857439,1681894256,1799.06,13287,PayPal
986213,1695277670,423.34,12979,Credit Card
530308,1683293346,1980.18,12868,Debit Card
512551,1688583624,984.51,11686,PayPal
157452,1694147915,1055.69,8563,PayPal
400828,1693121468,963.9,8155,Credit Card
452897,1704339520,1434.76,7638,PayPal
418669,1693958895,607.46,11998,Debit Card
685468,1680486225,1288.47,7291,Credit Card
604170,1689983864,1384.82,6459,Debit Card
369178,1676887894,1518.51,12311,Debit Card
252896,1694803345,462.81,6680,Debit Card
496402,1694505212,1190.45,11034,Google Pay
139523,1707416048,889.23,8410,PayPal
544492,1682657680,642.82,12644,Credit Card
659174,1694506796,980.66,8180,Credit Card
863628,1692725450,971.19,6885,Debit Card
549837,1689205169,503.97,10329,PayPal
332105,1690237656,1047.35,9810,Google Pay
251180,1695605529,1685.16,8570,Google Pay
672834,1685285507,429.79,12756,PayPal
646181,1700357132,77.56,7352,Credit Card
710940,1690044066,219.42,10925,PayPal
550082,1697164246,601.39,13287,Google Pay
144796,1696757706,611.82,5058,Google Pay
585539,1685972803,904.34,11910,PayPal
904868,1693288421,1314.93,5571,Credit Card
446067,1679892952,1836.1,6610,Debit Card
435183,1689385617,1238.98,7035,Debit Card
231320,1691364321,1128.24,12612,Debit Card
629026,1705644801,518.74,8007,Google Pay
934233,1693516150,1998.08,7264,Google Pay
347912,1701180057,854.37,8331,Credit Card
682116,1685428377,851.59,13225,Google Pay
789762,1698011199,326.64,13062,Credit Card
456868,1682782598,1790.3,11925,Credit Card
739220,1695006009,1643.18,9095,Debit Card
779123,1677356196,410.26,9170,PayPal
920170,1701282879,603.63,10863,Google Pay
182960,1692044982,511.46,7441,PayPal
116100,1704819835,40.69,9027,PayPal
732714,1695726182,1625.48,9032,Google Pay
927974,1704148651,1086.04,8838,PayPal
919016,1698196774,1868.32,11629,Google Pay
695814,1687154105,593.73,10553,Google Pay
166738,1692901830,830.9,9996,Google Pay
171944,1698234714,1939.02,11649,PayPal
858846,1707365040,1103.07,5153,Credit Card
902917,1701274657,714.86,7017,Credit Card
681122,1698455420,1051.25,13668,Google Pay
147725,1704437140,1763.91,8075,PayPal
155108,1677543605,1175.27,9979,Debit Card
212539,1683275449,1779.41,12154,Debit Card
915431,1703494408,1978.66,6700,Credit Card
788939,1706293583,370.13,11624,Credit Card
156199,1704178238,759.81,13675,Google Pay
333178,1678243910,942.32,9561,PayPal
144388,1684163169,1337.16,5797,PayPal
523167,1680751872,1557.44,7280,Google Pay
280784,1706665689,787.06,12741,Google Pay
351567,1681413954,759.96,6279,PayPal
582617,1682118125,719.41,10716,Debit Card
894804,1687469804,873.37,6471,Google Pay
257225,1692643489,996.04,8062,Credit Card
208837,1700857716,1938.07,5840,Google Pay
191684,1679441657,201.06,8998,Credit Card
995920,1682256386,1112.89,10193,Google Pay
742576,1703839504,1990.72,12999,Credit Card
906782,1699607866,1071.52,9024,PayPal
850133,1679162702,1369.78,13172,Google Pay
174458,1689450253,1958.89,6689,Debit Card
926719,1705732353,1060.69,5277,PayPal
641812,1700850254,498.1,7666,Debit Card
650995,1707058650,719.85,11965,PayPal
339112,1692691908,1319.86,11908,PayPal
225344,1687671665,206.03,8545,Credit Card
918824,1705121386,1683.17,5507,Credit Card
753877,1706956508,1654.21,11303,PayPal
431339,1687158859,1220.96,9368,PayPal
163211,1692044922,98.68,5041,Credit Card
161488,1689447506,390.93,5147,Debit Card
173710,1690403786,1741.62,11985,PayPal
337087,1704995190,401.19,13509,Credit Card
710422,1696289664,867.78,10384,Credit Card
840729,1684579197,1661.98,10078,Credit Card
656579,1698132207,493.23,10064,Credit Card
363903,1705586458,769.57,12418,Debit Card
197090,1679202427,835.95,13278,Debit Card
896734,1701319874,599.34,5310,Debit Card
842722,1683764259,1476.98,13551,PayPal
142546,1681659907,1686.27,11700,Google Pay
161275,1693845453,1280.72,5662,Debit Card
957601,1697567328,459.49,11573,Debit Card
636549,1693125911,1463.56,7950,Google Pay
634836,1704658144,677.34,8820,PayPal
482941,1684918208,1164.39,9570,Debit Card
888358,1687998076,1588.06,8055,Google Pay
432690,1678718898,1722.77,10447,PayPal
209276,1681675665,401.13,11242,Google Pay
833316,1706701272,592.2,12107,Credit Card
611675,1689483460,598.25,13343,PayPal
442282,1694462549,645.89,5816,PayPal
551108,1700032543,1031.92,13351,PayPal
112224,1697923187,1853.73,8108,Google Pay
997309,1702869157,735.24,5696,Debit Card
777044,1685846799,1640.3,5921,Debit Card
621770,1684849801,673.51,9579,Debit Card
452030,1692598971,405.15,5976,Credit Card
870908,1691446863,1765.89,13384,PayPal
771554,1683504845,669.69,13338,Credit Card
969077,1694624270,1610.76,8123,PayPal
131870,1695251647,810.67,13781,Debit Card
143303,1693728593,206.55,11724,PayPal
303815,1685099598,622.53,11914,Debit Card
863379,1703649850,1512.29,6938,PayPal
405012,1686845203,581.83,8803,Credit Card
498094,1680267629,124.0,10425,Credit Card
946498,1705446595,1943.26,10817,Debit Card
582281,1705557197,436.9,12716,Debit Card
467390,1682155314,906.18,8502,Google Pay
547912,1683676447,1085.64,13319,Debit Card
847844,1702998059,1391.16,11988,Debit Card
245550,1693951061,521.39,11720,PayPal
912406,1691522795,1342.6,6960,Debit Card
954332,1705126927,1767.44,5911,Credit Card
439765,1704863183,464.93,13839,Debit Card
548600,1707812408,27.03,5428,Google Pay
837099,1684684576,1273.1,11667,Credit Card
705260,1688299214,1195.15,8524,Credit Card
853969,1679970633,1530.78,9590,Debit Card
201993,1690007916,1473.32,12929,Debit Card
686615,1698102242,220.78,11986,Google Pay
945555,1683068361,1894.92,8525,PayPal
702059,1688888615,499.94,6781,Credit Card
874449,1702095470,208.11,11735,PayPal
710014,1708018608,902.84,11013,Credit Card
449174,1682046954,1511.4,12359,Debit Card
479177,1694805520,1186.06,13973,Debit Card
224923,1696534853,959.19,13449,Debit Card
681899,1687084110,1790.67,5778,Debit Card
813935,1699916923,1376.44,5626,Google Pay
612778,1688852527,1572.56,8684,Google Pay
231519,1705504476,1640.25,7395,Debit Card
637336,1703876584,383.46,11307,Debit Card
303345,1704602362,1790.53,6150,Google Pay
318609,1698759527,81.71,9138,Debit Card
574348,1694816205,384.9,11543,Google Pay
302705,1696049157,946.93,8610,Google Pay
841900,1690719585,770.15,5510,Debit Card
434674,1679734302,589.71,5027,Google Pay
649135,1692818301,1344.46,11141,Google Pay
978478,1696183192,592.75,8671,Credit Card
213539,1676895726,1316.89,12507,PayPal
362184,1702527371,704.55,5852,PayPal
269910,1694394538,1813.67,5727,PayPal
158604,1708291413,1112.56,12180,PayPal
693756,1706432282,361.97,5421,Google Pay
107414,1683171030,571.4,13390,Credit Card
905209,1686569378,801.81,10311,Google Pay
307328,1706529427,1081.56,12013,Debit Card
664106,1690793643,1843.6,10852,Credit Card
296435,1704281969,1301.6,6614,PayPal
499863,1680840265,1845.95,5979,PayPal
609749,1698268848,548.91,11562,Credit Card
938175,1680560775,338.81,9983,Debit Card
443021,1681711291,1775.46,8356,Debit Card
903291,1685238829,1989.69,11201,Google Pay
856368,1698660790,868.88,12847,Google Pay
495378,1688388269,1754.37,5095,Credit Card
680784,1704926536,1328.56,10997,Debit Card
285891,1677002016,1801.59,6575,Credit Card
907866,1692146178,1142.13,5280,Debit Card
627436,1679374493,1320.11,9098,Credit Card
377956,1683482476,1847.66,6295,PayPal
586062,1690078645,1559.88,13744,Google Pay
939144,1689340504,1763.11,9225,Credit Card
226321,1693394217,898.42,8109,Credit Card
391455,1696508259,782.2,11867,Debit Card
817839,1701864939,1016.45,5242,PayPal
278138,1692768938,1589.2,11492,Credit Card
590362,1697037955,226.09,8108,PayPal
978515,1686295546,1033.07,9091,Google Pay
786692,1704003670,500.51,9403,Google Pay
261222,1693547726,232.52,9105,Google Pay
302374,1691778157,804.52,13276,PayPal
749549,1684511022,1962.31,12986,Debit Card
896639,1684994553,973.3,12806,PayPal
569131,1702626576,1664.45,7864,Debit Card
128881,1693612557,1451.14,8762,Credit Card
392013,1688108650,1554.05,6966,Google Pay
490500,1691282645,277.11,6099,Debit Card
651419,1706427876,921.65,10167,Debit Card
540521,1694804787,981.18,8486,Credit Card
937914,1702885624,623.39,13948,Credit Card
494534,1679277424,1962.58,7178,Debit Card
850969,1676900594,1934.83,10055,PayPal
494039,1692369061,1301.42,7872,Debit Card
190190,1679624740,1283.81,7129,Credit Card
996838,1700985653,522.0,10629,Debit Card
971631,1693351302,1976.25,5654,Debit Card
471344,1693485656,1290.92,12826,Debit Card
478569,1706005274,623.98,13382,Credit Card
979335,1680611550,1959.71,6115,Credit Card
958715,1705656257,1710.76,12853,Google Pay
459688,1704688934,300.86,10454,PayPal
333234,1683711644,1904.76,12169,Credit Card
438869,1685688617,1372.77,5185,PayPal
797541,1678697597,1533.0,5428,PayPal
325116,1687618186,1026.58,6203,Debit Card
623292,1681282841,1988.86,8286,Credit Card
710282,1683362530,855.66,11250,Credit Card
902080,1695061699,1280.64,12617,Credit Card
341671,1688700493,179.22,7199,Debit Card
650276,1693853634,1279.05,10178,Debit Card
962344,1693176135,1171.73,11345,Credit Card
106328,1700900199,1112.26,7465,Google Pay
962496,1695449044,1251.76,12982,Google Pay
900062,1703239257,1664.1,13945,Credit Card
581312,1705187851,1759.87,11918,PayPal
528588,1691870902,1014.12,5926,Credit Card
474151,1678710291,1502.64,6438,Google Pay
768778,1681796162,124.73,7172,Google Pay
621186,1700713517,724.72,5698,PayPal
618662,1703955590,550.16,6818,PayPal
362268,1680308170,1282.45,10934,Debit Card
924061,1677927353,1484.52,6018,Credit Card
123940,1677710581,633.39,13813,Google Pay
782044,1682100559,1461.47,12697,Credit Card
746189,1684247404,743.35,12774,Google Pay
161898,1689922251,1961.6,6664,PayPal
286643,1708218247,1108.1,6952,Debit Card
503997,1707004414,695.41,10946,Google Pay
692094,1687765393,612.02,9298,Google Pay
395325,1677065094,1215.93,12552,Debit Card
902737,1692166119,801.85,11884,Debit Card
347410,1698686568,1422.61,6868,PayPal
985314,1681958798,1153.46,12058,Credit Card
786466,1697395095,1024.03,6013,PayPal
597540,1680356442,961.73,13555,Credit Card
341265,1679472705,1607.04,11355,Google Pay
890311,1690788843,986.3,13268,PayPal
370420,1679277540,983.58,9205,Credit Card
481419,1700414867,191.11,13406,Google Pay
225685,1678172656,1685.33,8361,Google Pay
952932,1680347725,122.57,11845,Credit Card
873860,1689292178,1386.02,5628,Debit Card
241381,1702911280,1157.7,7245,PayPal
947862,1693681242,638.25,8437,PayPal
264419,1693220389,1898.7,11716,Google Pay
382893,1693357392,1597.61,10720,Debit Card
342950,1685140086,664.52,10734,PayPal
965059,1705930340,1233.65,5164,Debit Card
783847,1695577678,1984.29,11275,Debit Card
391751,1689167495,1084.85,9072,Credit Card
284963,1683501476,1718.57,10512,PayPal
265506,1681902531,186.72,5962,Google Pay
565964,1697707554,187.01,12974,Debit Card
254743,1692509307,1100.63,13802,PayPal
128807,1679398506,1204.49,7401,Debit Card
501758,1694202424,1647.43,11860,Debit Card
706636,1698914791,809.88,13385,PayPal
851007,1695469078,1416.87,7434,Credit Card
272102,1684649606,133.6,7899,Credit Card
328156,1684014211,388.98,11124,Google Pay
949141,1680066701,1311.95,7466,Google Pay
509700,1689625812,289.96,12828,PayPal
503835,1701636733,635.46,13015,Credit Card
382856,1700137286,1960.13,11934,PayPal
902461,1694020517,1900.2,11260,Debit Card
766632,1687011271,1409.48,13213,Debit Card
148129,1682151825,1193.0,8539,Debit Card
862427,1705217400,134.24,5607,Credit Card
143171,1694681972,1819.94,10232,Credit Card
142338,1700350855,307.36,6016,Credit Card
104497,1692488079,166.36,11880,Google Pay
598466,1691581565,1224.41,9533,Debit Card
368547,1699193634,1704.19,9464,Credit Card
573860,1681100357,1970.9,13006,Google Pay
269163,1695675484,669.99,7536,PayPal
455755,1700522035,789.67,11882,Debit Card
424094,1696459430,410.01,13851,PayPal
500033,1683708022,507.79,12854,Credit Card
422820,1677831011,248.01,5858,PayPal
834631,1677153886,1802.65,7050,Debit Card
333481,1690958080,1432.51,10753,Credit Card
837572,1700415929,1204.99,11134,Credit Card
571280,1705691397,1044.29,12713,Credit Card
124201,1705976106,610.53,11437,Credit Card
228047,1702570354,981.48,9066,Credit Card
417919,1685189615,106.2,5798,Debit Card
908876,1706277087,55.87,11391,PayPal
705272,1705212653,1064.65,10815,Credit Card
605747,1690068179,919.67,7079,Debit Card
739100,1702224862,1415.82,8527,Google Pay
107488,1681695983,1168.19,10125,Credit Card
898773,1697047540,1566.5,11181,Debit Card
177236,1688613772,1394.13,6419,PayPal
943723,1692582952,962.13,9222,Credit Card
395838,1692332132,1504.87,9355,Google Pay
393117,1683779290,1428.22,13401,Credit Card
453091,1683832673,884.87,11876,Google Pay
676932,1695730867,652.12,13129,Google Pay
794460,1688269037,1626.92,11683,Debit Card
112276,1691918148,944.08,8981,PayPal
319029,1680401871,236.43,11288,Debit Card
883969,1683843899,1492.79,9589,Credit Card
126669,1697311159,718.06,5337,Google Pay
537177,1694726279,1518.27,9419,Credit Card
607293,1688971932,608.91,10279,Google Pay
644899,1682699693,313.57,7784,Credit Card
494280,1699827894,506.73,6374,Credit Card
793020,1691803843,1953.7,10583,Credit Card
803722,1685836222,689.65,8751,PayPal
257436,1698571531,406.35,11285,Debit Card
603480,1707144247,1284.47,11793,Google Pay
206309,1691864251,179.51,5979,Debit Card
762169,1688794843,997.57,9118,Debit Card
483724,1678800590,687.95,10302,PayPal
981543,1677184133,436.46,10284,PayPal
992810,1688613805,769.12,12574,Google Pay
228839,1695879699,966.58,10661,Google Pay
480422,1685722530,384.04,5660,Debit Card
245366,1694176702,1189.1,10915,Debit Card
653074,1680249542,1798.7,5065,Debit Card
375791,1683667879,487.84,9055,PayPal
563887,1681542166,1960.55,10405,PayPal
134007,1701863923,269.34,6428,PayPal
174919,1689700139,75.38,6991,Google Pay
764085,1678389177,608.87,8085,Debit Card
311155,1701252967,1803.06,12710,PayPal
480704,1681937233,1796.56,11871,Google Pay
622904,1685007398,843.62,7703,Debit Card
782744,1707950375,1672.67,10441,Credit Card
935959,1696591517,1334.47,6570,Google Pay
432138,1696177979,1093.93,12051,PayPal
446387,1682246909,1540.34,8334,Credit Card
877066,1690298503,981.88,7181,Debit Card
903866,1691613774,763.73,9277,PayPal
867142,1696490531,1314.84,8009,PayPal
395209,1683300136,665.93,8831,Google Pay
966985,1686320642,623.87,12237,Credit Card
478599,1690937290,1618.8,10940,Debit Card
212257,1696437437,1581.87,9550,Debit Card
375558,1685329641,1902.68,8111,Debit Card
187450,1686693780,1292.38,7675,Credit Card
299901,1702841771,932.02,5432,Debit Card
584421,1685243430,624.1,12085,Debit Card
703216,1691558151,1463.52,7096,Google Pay
152554,1678548097,967.34,8190,Google Pay
288001,1701148756,410.2,11599,Debit Card
592899,1687305365,812.16,11924,Google Pay
559309,1696867402,268.43,13733,Debit Card
776598,1677461351,81.8,13668,Google Pay
675412,1697492344,996.07,6910,Credit Card
684864,1690624641,1876.74,9775,Credit Card
411911,1690968309,1273.13,10807,PayPal
694125,1685429546,266.63,5369,Google Pay
657679,1696024896,1939.6,9820,PayPal
499492,1691169665,581.44,9574,Google Pay
328099,1693419163,647.67,10870,Google Pay
638724,1680808701,1437.06,7156,Google Pay
160702,1698687207,519.13,8296,Credit Card
524468,1700347820,986.23,6368,Credit Card
753680,1683670732,1807.52,10680,PayPal
457660,1701710419,1964.63,6482,PayPal
375365,1686505632,712.06,10332,Credit Card
107040,1704517508,1971.18,12057,Debit Card
675750,1681878458,80.82,11439,Credit Card
422572,1693796856,1090.09,5320,PayPal
404130,1678829459,251.85,7990,Credit Card
906471,1707337737,1964.23,12384,Credit Card
353012,1692785998,139.66,8111,Credit Card
836538,1686588474,472.14,13617,PayPal
105107,1707485386,197.22,10009,Debit Card
770125,1697200065,161.41,10686,PayPal
319974,1686954161,1777.79,9060,Google Pay
610725,1696529823,476.0,10070,Google Pay
800740,1705103223,602.76,9948,Debit Card
959586,1692464832,1241.4,5616,Credit Card
165335,1681068363,420.38,8449,PayPal
438789,1690187889,633.52,7659,PayPal
954916,1705577945,1462.05,13312,Credit Card
183586,1678961802,1513.96,5631,Credit Card
854951,1679693613,996.4,8556,Credit Card
631798,1705346108,977.47,12889,PayPal
347707,1684251633,1036.62,7641,Google Pay
185245,1691256174,1442.73,10441,Credit Card
179146,1698642451,33.81,7616,Google Pay
539605,1695642192,1791.88,6135,Credit Card
650147,1695127307,512.96,5155,Credit Card
801239,1701684945,504.34,9564,PayPal
510264,1679111851,297.74,5582,Credit Card
930670,1706551816,926.61,7291,PayPal
757074,1696390946,598.35,6921,Google Pay
130097,1692217558,1445.17,12059,Debit Card
504249,1679690959,101.79,13226,PayPal
775649,1706546217,1966.22,8195,PayPal
317066,1698561416,1091.32,10295,PayPal
307579,1701606215,1747.72,9707,Google Pay
462615,1708264308,703.74,7486,Debit Card
241980,1684990355,1220.76,6826,PayPal
678329,1694469689,1457.53,7253,Debit Card
882997,1690102055,1952.44,9527,PayPal
951067,1696425425,398.5,13099,Google Pay
534803,1679495788,1129.52,11599,Debit Card
576558,1702808556,1801.52,5117,PayPal
156749,1689000725,974.77,6155,Debit Card
406850,1683402453,251.43,9858,Google Pay
699348,1686859617,223.92,13183,Google Pay
580781,1707418562,285.33,10482,PayPal
441857,1707045003,194.84,12848,Credit Card
685726,1680409524,246.48,13154,Debit Card
774699,1700244920,376.71,13216,Debit Card
842558,1686055198,1111.68,6940,Credit Card
504836,1687248235,227.51,9512,PayPal
776795,1692559343,1103.23,10200,PayPal
317467,1690986573,806.19,13898,Debit Card
964027,1700485860,1495.53,11937,Credit Card
927506,1693971214,733.59,6573,PayPal
607531,1679993454,473.15,9066,Debit Card
662339,1686371652,1872.16,8820,Google Pay
727953,1705233276,66.1,12094,Google Pay
909311,1702811315,900.84,13848,Google Pay
780633,1693325335,827.23,9668,PayPal
408105,1703519669,126.24,10165,Google Pay
619949,1677196883,998.1,5527,Credit Card
216561,1685143602,1259.78,11319,Debit Card
219176,1685340606,801.06,9496,Debit Card
916180,1688289657,1360.07,12469,Credit Card
952600,1696180429,1224.66,13371,Debit Card
633287,1703310355,1487.9,6694,Debit Card
505057,1699666391,1105.8,5446,Debit Card
973645,1686170929,1375.37,8570,Google Pay
194470,1684982740,269.67,10434,Google Pay
956699,1694329389,1340.27,12621,PayPal
456409,1681222747,597.71,11672,Google Pay
253880,1685997136,1453.18,13759,Google Pay
135430,1680262624,1938.3,7120,PayPal
670419,1683029523,1812.23,5519,Credit Card
981625,1681607704,1032.28,5852,Credit Card
135812,1687951095,1117.2,5983,Credit Card
216706,1681474582,1093.67,6489,PayPal
524399,1691624717,727.08,5527,PayPal
494520,1700813248,930.82,5547,Google Pay
274655,1682488865,1161.91,5463,Debit Card
576867,1685617276,1247.0,13248,PayPal
304811,1707880463,1453.65,8866,Credit Card
314516,1677017974,874.46,6350,Debit Card
289010,1684965937,989.33,13813,Google Pay
959138,1701213020,1713.31,12937,PayPal
296331,1692405257,1285.57,10383,Debit Card
105183,1700586691,518.7,6917,Google Pay
139960,1699834617,1677.55,11493,Credit Card
651730,1682945850,1839.54,7614,Credit Card
905887,1682283387,1687.59,7939,Debit Card
269936,1707795091,47.35,5048,Google Pay
257801,1705376704,1181.5,7634,PayPal
896838,1704759328,626.34,13771,PayPal
599417,1694173800,349.82,6392,Google Pay
611567,1681585974,1036.2,9918,PayPal
530920,1688955264,1956.78,9924,Credit Card
494789,1677708620,1397.34,5448,Google Pay
568017,1692106290,616.63,7723,Google Pay
205092,1699554693,87.48,12412,Google Pay
714307,1689964575,1091.83,12246,PayPal
788889,1688197406,1118.98,13462,Debit Card
182152,1683187630,913.4,12041,Credit Card
753509,1698956702,330.75,8282,PayPal
200528,1692441990,1338.3,7054,Credit Card
723499,1689102169,459.26,12879,PayPal
255448,1694353108,1829.11,12595,Google Pay
649948,1682741979,1385.2,6292,Google Pay
944769,1691556253,1721.84,7492,PayPal
322153,1696820275,1931.92,12878,Debit Card
253891,1705770042,994.85,9998,Google Pay
562572,1702249820,1844.87,13160,Credit Card
437610,1697108164,1981.2,9196,Google Pay
970014,1703836399,712.57,5526,PayPal
582769,1706395215,901.17,13582,Debit Card
867033,1704884164,1567.9,9185,Google Pay
611533,1691673014,703.64,7264,Debit Card
981757,1706347378,442.67,12750,PayPal
533819,1684347869,49.71,11128,Debit Card
418192,1680692301,258.28,7395,Debit Card
834240,1690560170,1443.29,12529,PayPal
882037,1677028195,430.62,5352,Debit Card
955383,1696427357,384.81,12616,Credit Card
315527,1695526270,1490.85,10878,Google Pay
820751,1678507811,1228.35,13046,PayPal
845517,1683346556,665.51,8373,Debit Card
861247,1688239951,109.89,10053,Google Pay
838058,1706771886,485.32,5948,Google Pay
624644,1701879448,1175.05,12808,Google Pay
274189,1696777982,1935.4,6441,PayPal
400143,1698128572,942.81,10861,Debit Card
753485,1708024888,1028.7,7282,Credit Card
542267,1706053779,579.19,6228,Google Pay
101357,1702053381,791.42,12459,Google Pay
921816,1697113686,1619.36,5958,PayPal
119760,1690575407,1567.03,6709,PayPal
355771,1705691446,1115.88,10846,Google Pay
943070,1705198111,1713.4,6301,Google Pay
206302,1702494993,1722.47,8080,Google Pay
640223,1686112879,1558.77,13924,Google Pay
209297,1705456003,66.59,11324,Debit Card
296730,1678671958,1533.64,7320,Google Pay
739571,1698941583,210.54,13227,Credit Card
908201,1686699847,1236.37,8053,Credit Card
944776,1698857128,1314.84,7024,Google Pay
638479,1689191639,1521.66,8178,Debit Card
119462,1699679971,1761.51,13087,PayPal
884227,1683379390,1443.31,8211,Credit Card
641658,1692736873,433.21,11468,Credit Card
720893,1691471358,1004.24,12723,Google Pay
880060,1686348738,1691.98,7152,Google Pay
117650,1693142623,1921.12,9204,Credit Card
620970,1690691181,1237.24,8549,Debit Card
208083,1680220896,217.4,6006,Credit Card
121072,1704969505,270.66,13883,Debit Card
121807,1696712633,835.36,6811,PayPal
376652,1685827813,1772.01,10035,PayPal
472413,1676905862,416.09,9292,Google Pay
720035,1680000197,995.65,6380,Credit Card
305387,1685209067,454.8,7494,Google Pay
174533,1702983651,140.93,10855,Credit Card
906358,1676892307,1453.56,13511,Google Pay
726839,1698623045,330.44,8586,Debit Card
654732,1684932414,237.4,5953,Google Pay
572183,1698200515,1955.98,13933,Debit Card
103660,1707005393,1497.43,5331,Google Pay
883381,1689832669,1700.18,6693,Debit Card
928877,1682216727,1759.3,9524,PayPal
283560,1686432414,1833.19,10578,PayPal
349569,1682808022,1237.82,7607,Google Pay
388402,1696187313,421.14,8104,Debit Card
628495,1685054215,1665.14,9921,PayPal
964488,1692807952,97.95,12153,Google Pay
751609,1700536613,973.55,11432,Credit Card
100384,1679214356,1082.87,13035,PayPal
221276,1698988301,730.53,9713,Google Pay
674300,1705268173,112.21,10283,Credit Card
854395,1707164486,1130.61,5016,PayPal
736498,1679168884,1258.44,8575,Debit Card
671665,1688533653,538.21,10376,Debit Card
629994,1692678939,1983.14,10375,PayPal
971543,1683118538,1564.32,9487,PayPal
850757,1701408249,278.54,10006,PayPal
599510,1708268468,1342.03,13274,PayPal
793573,1707459717,454.24,8229,PayPal
117526,1688318524,20.17,12192,Credit Card
646053,1685550946,1623.08,12269,PayPal
733298,1682997593,227.98,9632,PayPal
763718,1694142050,999.18,13317,Credit Card
359010,1684991830,1719.09,7437,Debit Card
729000,1687027053,993.45,11489,Debit Card
381085,1698293312,1534.28,5888,Google Pay
220777,1697349330,1045.61,5660,Google Pay
273419,1703449699,1089.44,6954,PayPal
245322,1684308344,1100.99,10261,Google Pay
733812,1677789732,589.79,6352,Google Pay
922620,1678172563,1636.32,6957,Google Pay
462075,1684950249,736.08,8002,Debit Card
529178,1702767921,462.34,8718,Debit Card
316606,1695838822,1941.73,10660,PayPal
844351,1686260764,168.0,9237,Credit Card
288197,1691486202,178.96,12765,Google Pay
879755,1686611774,699.42,6911,Google Pay
230897,1680413555,324.47,8511,Credit Card
951787,1679120591,1252.19,7937,Google Pay
140210,1698372132,1893.0,10717,Google Pay
643216,1686916754,66.09,11250,Google Pay
893858,1702948012,1799.31,10673,Debit Card
198822,1686601132,1143.53,10546,Debit Card
144362,1679345266,58.64,11884,Debit Card
526708,1679723176,1652.52,9976,PayPal
717617,1692547380,1756.32,6688,PayPal
222499,1683723512,997.91,5630,Google Pay
201576,1686807365,280.73,13995,Credit Card
231452,1681945942,1987.51,8180,Debit Card
307401,1677664571,335.6,7494,Google Pay
198643,1690749906,1897.64,11958,Debit Card
149327,1688923249,1451.56,10163,PayPal
793873,1700367458,1036.19,9456,Google Pay
811341,1688288123,888.7,5202,Debit Card
180888,1683529954,152.64,11660,Debit Card
283427,1699906779,1027.09,13472,Debit Card
815943,1677762026,1052.48,6550,Credit Card
406078,1694238066,1387.47,12453,Google Pay
856702,1693088813,1415.93,8648,Google Pay
669301,1691880007,1906.59,7934,Debit Card
361514,1696285828,1054.24,9861,Credit Card
185380,1694213902,147.52,5074,Credit Card
268689,1695269919,970.84,8149,Credit Card
487795,1694757202,1195.53,8383,PayPal
857080,1707648098,1477.15,13349,Google Pay
496659,1681002757,93.94,13550,Credit Card
377222,1691626872,1837.79,13737,Debit Card
782605,1677490613,305.4,8830,Debit Card
409698,1700352659,1764.73,13166,Debit Card
965379,1690712661,1093.25,8353,Credit Card
128324,1699856114,75.4,5542,PayPal
610473,1687423409,610.51,8638,Credit Card
676276,1683889376,1153.03,7715,Debit Card
423052,1691857099,188.99,10119,PayPal
164890,1701595141,51.9,13863,Google Pay
817633,1683177617,1048.82,8872,Credit Card
896075,1701706326,1955.78,9961,Google Pay
692673,1694294507,1285.94,7426,Google Pay
485440,1680132233,294.7,8355,PayPal
811158,1695202352,773.76,8103,PayPal
218352,1703613475,899.26,6186,Credit Card
715437,1701545322,1601.49,10054,PayPal
553823,1704177882,870.58,8372,PayPal
951902,1679415057,1673.47,11174,Google Pay
390020,1702907130,1525.31,7596,Credit Card
629609,1703643290,1277.34,11294,Debit Card
467911,1694654894,1658.3,8731,Credit Card
342718,1690125665,572.83,13944,Debit Card
844426,1701381018,522.63,13457,Google Pay
998066,1684396970,1414.74,12756,Google Pay
175620,1682142408,571.84,13118,Credit Card
123129,1692335573,1557.15,5150,Debit Card
119879,1692390648,804.99,7604,Debit Card
316248,1686593150,681.36,5807,Google Pay
329204,1692545516,782.56,13141,Debit Card
973991,1701715231,1982.08,8970,Debit Card
563464,1684822624,1706.59,11826,Google Pay
861248,1703114809,1815.8,12400,PayPal
943924,1705033233,1783.25,11548,Google Pay
578860,1683752612,342.82,11596,Credit Card
402984,1699004787,1705.13,12622,PayPal
824124,1691521903,1154.41,6346,Google Pay
447062,1694611977,1466.79,5979,Credit Card
302018,1706166306,1925.84,6964,Credit Card
841290,1692869411,1975.85,10082,PayPal
412750,1706016668,1412.61,8963,Google Pay
988206,1698432665,527.61,13865,PayPal
467650,1686951744,1024.71,7576,Debit Card
976569,1692657287,1009.17,11313,PayPal
275409,1679576892,67.28,10912,Debit Card
431409,1705492651,1365.13,9232,Credit Card
292258,1701169545,1061.89,6596,Debit Card
210785,1708361818,790.79,7883,Credit Card
895719,1701867343,659.34,13618,Credit Card
946923,1696979208,251.53,6717,Credit Card
864973,1688269472,1775.37,5728,Google Pay
793633,1705119982,1122.3,8194,PayPal
236648,1684507889,856.94,6616,PayPal
380402,1689239160,925.18,11345,Google Pay
806279,1683511334,938.07,13748,Credit Card
632084,1681917760,287.66,12160,Google Pay
175936,1693466617,809.03,13866,PayPal
591223,1700562601,973.1,13300,Debit Card
339853,1702447252,770.0,12522,Google Pay
617480,1689743708,574.2,11802,Credit Card
572537,1693011561,51.68,5554,PayPal
181304,1704249776,70.29,5883,Credit Card
110063,1699798090,1156.58,7477,PayPal
614865,1686317113,1904.28,13765,Credit Card
551194,1698046074,195.46,6287,PayPal
916226,1680318990,775.39,8217,Google Pay
229609,1688742091,525.8,6554,Debit Card
360785,1707561076,833.23,11988,PayPal
153711,1679240937,68.89,6422,Debit Card
869385,1678313071,1301.88,5382,Google Pay
325149,1688380041,1609.02,13654,Debit Card
579462,1701301156,736.17,12158,Google Pay
494327,1686016103,647.5,5788,Credit Card
135581,1676831967,362.47,11393,Debit Card
108603,1692771980,1062.69,8722,Credit Card
234106,1693073211,1861.76,13605,Credit Card
984677,1705708706,652.88,7616,Credit Card
679642,1707459817,398.66,5742,Google Pay
665298,1692536781,345.0,10306,Debit Card
632964,1690946167,615.67,6055,PayPal
732369,1696943345,1420.56,12454,PayPal
546781,1687376148,1758.34,5037,Credit Card
509765,1698956273,1654.03,11170,Debit Card
233506,1708111986,1872.1,7530,Debit Card
198269,1693382250,779.1,11312,Debit Card
675104,1677810786,1757.91,11299,Google Pay
920654,1684425868,177.49,9190,PayPal
878537,1700759029,956.69,9128,Google Pay
875434,1688426511,989.69,10563,Debit Card
513659,1702046107,737.2,8567,Credit Card
310644,1693652736,1677.94,6483,Google Pay
903330,1679515157,117.81,11113,Credit Card
156647,1682802194,1347.52,5617,Credit Card
150129,1707122479,413.52,7538,Google Pay
243782,1703215134,1819.87,13431,Debit Card
110689,1683312886,826.28,12422,Credit Card
493042,1685150442,1396.85,9951,Google Pay
827147,1693951427,759.66,12306,Debit Card
852599,1678360113,1462.88,10900,Debit Card
526592,1686664154,1277.13,9262,Credit Card
309178,1695200585,211.28,8934,PayPal
107751,1690838146,1263.8,13911,Debit Card
121316,1678179682,401.61,12970,PayPal
709323,1698824851,1347.61,7894,Credit Card
926132,1699740701,80.33,10656,PayPal
635737,1691458285,78.06,10771,PayPal
589362,1703464880,1247.03,7564,Credit Card
640890,1686300224,1652.38,13135,Credit Card
978517,1697385099,1614.21,7312,Credit Card
278822,1697650230,271.26,9276,PayPal
490050,1680831885,580.88,12071,Google Pay
793158,1702371240,703.19,8927,Google Pay
489147,1697793944,1516.8,11775,Credit Card
352933,1702649346,1474.94,12433,Google Pay
906298,1690357160,1742.93,8193,Google Pay
848471,1678351406,1784.06,11424,PayPal
846907,1694169281,1835.75,5721,Credit Card
782251,1693984744,1273.78,6906,PayPal
319203,1679345025,1478.69,10781,Credit Card
318550,1683499168,789.21,8934,Debit Card
865204,1704793385,1947.79,11498,Google Pay
297104,1683996486,1133.52,7764,Google Pay
896377,1692660748,1933.8,13077,Google Pay
103950,1694103732,604.54,10536,Debit Card
388308,1677327458,84.8,10693,Credit Card
593130,1694101032,1668.28,12179,Google Pay
940901,1693289601,354.42,10445,Credit Card
623422,1694196022,534.15,12354,Google Pay
934765,1694065782,185.24,13610,Credit Card
189217,1702618491,54.58,9509,PayPal
155840,1679578525,592.89,6161,Credit Card
187781,1681277327,1635.11,6781,Google Pay
608832,1701686588,528.17,5254,Google Pay
362274,1693471463,1999.6,13662,Credit Card
406761,1689272923,1570.13,11469,Credit Card
501477,1707114528,250.3,6387,Google Pay
617575,1689948689,1107.37,5491,Google Pay
833616,1684345310,1943.11,5783,Google Pay
125563,1690434101,300.72,12597,PayPal
588716,1680322289,445.53,11264,Debit Card
727103,1705055500,1245.09,10264,Debit Card
338531,1699194562,1291.61,12941,Debit Card
268483,1678986638,1964.0,11501,PayPal
185081,1707934304,1364.98,5384,Google Pay
836955,1686998461,1990.35,8910,PayPal
197058,1705486694,124.16,5357,Credit Card
224690,1688256284,570.74,10567,Credit Card
545487,1694946642,1014.24,8331,Credit Card
757986,1697490117,1230.78,5372,PayPal
513079,1704263504,1644.79,6115,Debit Card
375425,1679510361,1911.55,6158,Google Pay
781226,1699469172,279.18,8201,PayPal
476905,1678156295,351.71,9168,Debit Card
537923,1682144987,1619.55,9774,Debit Card
335500,1685491848,1987.27,9810,Google Pay
250311,1680523093,1800.38,10784,Credit Card
844788,1702773718,719.27,13426,Debit Card
785677,1700646835,1724.72,13102,PayPal
554181,1691768594,1368.42,10254,Debit Card
528781,1693354129,80.25,9575,Credit Card
369405,1698833963,1816.99,8196,Credit Card
871016,1706409044,1894.94,6634,Google Pay
768771,1677527932,447.41,5665,Credit Card
786364,1680787569,1846.34,5469,PayPal
706396,1702493512,1370.62,12544,Debit Card
116233,1690921276,1259.37,8558,Credit Card
514124,1704605857,382.94,12232,Google Pay
961310,1695065441,1983.35,5468,Google Pay
481029,1706549277,295.97,6889,Credit Card
807969,1699886485,63.13,11324,Google Pay
412276,1684798087,1539.38,6550,Google Pay
196822,1684166639,1145.72,12150,Credit Card
147610,1700096466,787.05,6836,Google Pay
575956,1701595846,1455.52,11659,Credit Card
360256,1705787009,826.38,8837,Credit Card
102420,1691421818,1546.9,12025,Debit Card
582317,1707041855,116.8,6384,Credit Card
945713,1679654860,1549.78,10724,Debit Card
866683,1682227937,392.45,7940,PayPal
122885,1695194902,203.82,10490,Debit Card
756038,1683019929,1705.9,13640,Google Pay
565678,1701486813,1910.36,6263,Debit Card
789121,1682557856,353.4,5212,Google Pay
948475,1706071491,1366.2,9391,Debit Card
439188,1703005979,1022.51,6653,PayPal
232545,1704358840,1924.84,13000,PayPal
371442,1701120264,327.27,10954,Credit Card
378711,1691449860,345.82,9860,Debit Card
937063,1704942430,123.04,10290,Debit Card
982762,1697020484,1184.28,10113,Debit Card
234939,1683884915,332.02,9738,PayPal
341543,1703789320,423.17,9080,Debit Card
180739,1697787771,327.12,10474,Debit Card
794661,1695234682,637.8,6917,Google Pay
285022,1694116934,149.14,10205,PayPal
299985,1690117888,1597.85,6033,Debit Card
606332,1694105043,1064.55,8042,PayPal
504444,1677121501,1052.21,11165,Google Pay
412082,1682492754,411.4,7645,Debit Card
865978,1697355827,1385.97,8688,Google Pay
817982,1687094799,726.46,10384,Credit Card
398421,1681184918,578.69,9586,Google Pay
427738,1704706442,47.86,7013,Google Pay
942934,1682596569,313.59,10997,Debit Card
649524,1697605102,1281.98,7810,Credit Card
504583,1701868440,66.07,12185,Google Pay
976647,1705687031,262.42,11427,Debit Card
953616,1705544967,1340.76,12711,Google Pay
940806,1700030857,344.65,7006,Debit Card
749810,1703931819,1157.37,8242,PayPal
997638,1703271439,326.41,6678,Credit Card
214589,1688668917,1025.23,12406,Debit Card
155784,1705226656,1532.57,11838,PayPal
687853,1690158405,45.79,6797,Credit Card
975283,1685732039,1038.96,13423,Google Pay
353131,1704210293,1470.5,7954,Debit Card
859267,1701013436,116.43,8487,Credit Card
134776,1684342348,1433.57,9611,PayPal
589090,1676887810,535.0,11870,PayPal
885480,1683398794,921.18,10319,PayPal
219113,1684361148,1481.19,5824,PayPal
601567,1678475191,484.04,13151,Debit Card
361414,1705462980,293.06,8141,Debit Card
514287,1694887483,1051.79,12759,Credit Card
678568,1701734854,189.26,9250,Debit Card
276700,1700056091,652.14,9243,Debit Card
696270,1690357359,1342.09,12256,Credit Card
287854,1705092324,368.98,10064,Credit Card
351647,1699805470,772.95,5119,Google Pay
158490,1693307833,1515.74,6903,PayPal
621661,1689655703,68.61,11259,Debit Card
581960,1707312530,227.0,13052,Debit Card
868436,1680593435,1694.13,11501,Debit Card
410688,1690914281,466.91,11982,Debit Card
573900,1692250719,1767.83,9557,Credit Card
870220,1687450301,1832.98,12443,PayPal
588262,1685666313,261.66,13981,Debit Card
158517,1685880476,1589.27,8253,Debit Card
138130,1693588940,179.86,7348,Google Pay
211516,1703994034,1973.88,12479,Google Pay
424240,1676853415,954.65,12573,Debit Card
614231,1690719923,734.76,12443,Debit Card
520180,1691246925,1985.02,5297,Credit Card
846962,1677276034,1327.81,6585,Credit Card
232638,1689611942,1877.7,6035,Debit Card
355748,1679580660,239.83,8348,Debit Card
217836,1704758002,635.78,9909,Credit Card
775859,1693809310,1755.58,11025,Credit Card
650941,1684145803,1342.69,7806,PayPal
746026,1692561831,591.59,12957,Credit Card
539429,1682807534,1811.98,12091,Credit Card
486375,1703157757,1381.07,13098,Debit Card
582822,1681821016,1219.11,8807,Google Pay
781464,1690173404,773.79,12441,Google Pay
528931,1689444449,503.11,8361,Debit Card
558727,1686190848,1334.69,5865,PayPal
939323,1701451050,377.27,7088,Debit Card
398296,1681021797,1288.44,8081,Debit Card
512814,1697530545,1239.98,6509,Debit Card
765846,1707854860,815.46,10520,Google Pay
298977,1682606532,180.29,6370,Credit Card
823882,1682856999,744.34,5809,Credit Card
401408,1698346186,1381.85,12554,Google Pay
254672,1699278184,515.97,7206,Credit Card
945714,1695236023,1435.65,11902,Debit Card
239608,1699473552,902.92,12578,Credit Card
191320,1703644646,1005.61,11120,Credit Card
424795,1689246907,1864.51,12850,Credit Card
591877,1691468556,874.05,7103,Credit Card
687486,1686768239,456.45,5375,Credit Card
667926,1705935591,1474.4,8256,Google Pay
738954,1683322366,1394.58,8927,Google Pay
495370,1692764043,1774.29,13877,Credit Card
737182,1692008133,83.26,7994,Debit Card
514098,1684505835,586.56,12794,Debit Card
430655,1681433865,1672.04,5142,Credit Card
747268,1678003873,1905.36,6559,Credit Card
676271,1698225118,885.89,9184,PayPal
334897,1697404583,867.01,10006,Google Pay
368077,1680234569,1346.27,11664,Debit Card
786277,1693802262,1499.88,13282,Credit Card
841364,1678494995,1900.69,10409,Credit Card
367707,1705403560,1800.73,11777,Credit Card
682342,1684504552,418.06,8956,Debit Card
481428,1681747975,461.74,8492,Credit Card
529501,1693506333,502.51,10974,Debit Card
243377,1690140325,976.72,11203,Google Pay
997899,1706888130,1738.01,8718,Google Pay
600979,1691806286,1257.25,11246,Credit Card
916856,1699450297,1024.18,12517,PayPal
185891,1693404209,937.68,11751,Google Pay
770797,1676910777,696.9,9858,Credit Card
950871,1682061862,354.76,9881,PayPal
719662,1706567118,1438.71,10189,Google Pay
214312,1686871427,1865.01,5738,Debit Card
700077,1703145260,1076.24,13399,Debit Card
486891,1677690865,1465.38,12928,Debit Card
762006,1679963193,202.61,8472,Credit Card
802924,1680637651,1479.64,8743,Credit Card
564396,1684827442,372.19,5471,Google Pay
742181,1707602011,1150.1,12862,Google Pay
920592,1685156386,1309.9,12194,PayPal
857002,1708023863,1787.37,5324,PayPal
521816,1700266438,721.82,9464,Google Pay
659891,1677817140,1450.68,5669,Credit Card
828762,1690169987,577.14,7752,PayPal
199107,1697424148,341.33,10563,Credit Card
162663,1680166225,1954.34,7956,Google Pay
486908,1688541712,1762.87,10944,PayPal
496935,1684064344,1599.93,13634,PayPal
348408,1688053705,1877.21,8032,Google Pay
945855,1699430004,720.29,11365,PayPal
496205,1706496766,104.63,11961,Credit Card
653761,1689017143,382.53,9710,Credit Card
518180,1699609824,34.89,6282,PayPal
735486,1684408350,1234.72,6318,Google Pay
973087,1696628357,1037.97,9138,Debit Card
100210,1700359990,1575.49,10156,PayPal
983842,1679027177,1436.8,9789,Debit Card
122142,1703367611,482.08,13911,Google Pay
173073,1695854847,1543.93,7402,Credit Card
479759,1688384147,1501.42,10740,PayPal
986878,1701898732,1083.46,6736,Credit Card
769059,1677088693,296.53,10080,PayPal
944434,1695280532,923.05,8156,PayPal
814626,1688873788,1035.73,7536,Credit Card
670890,1677045706,1636.91,6794,Credit Card
302640,1676911561,1899.47,12310,Google Pay
916623,1702898338,615.53,5242,Credit Card
387427,1685666886,423.09,11658,Credit Card
311766,1680114968,1242.94,10500,Google Pay
621417,1682932120,877.08,5637,Debit Card
633885,1688973547,669.58,11051,Google Pay
377548,1700331884,259.0,10460,Debit Card
861794,1707790651,558.23,9779,Credit Card
246395,1684491289,1878.42,12332,Google Pay
698957,1694142215,775.19,11605,Google Pay
225503,1688157116,1384.22,13586,Debit Card
120637,1695439342,1679.55,12204,Credit Card
515816,1683897114,1054.05,10304,Google Pay
797974,1706752144,1979.45,7557,Credit Card
680789,1702584768,450.7,11463,Credit Card
608139,1696256498,908.18,11289,Credit Card
484274,1699019356,1231.81,5216,Credit Card
948445,1693393263,393.74,10632,Google Pay
723902,1680927164,980.73,5049,Credit Card
248018,1686242328,1891.59,8469,Google Pay
842580,1687725087,1011.97,8909,Credit Card
950816,1688652313,57.43,11720,PayPal
246482,1700440681,1846.3,9967,Google Pay
891172,1701971237,135.2,13104,Google Pay
769699,1705513851,1604.86,6784,Credit Card
573073,1683694991,31.56,8211,Credit Card
695311,1678133376,1500.96,7344,PayPal
855993,1701892411,314.38,11354,Credit Card
760953,1682966791,281.28,7715,PayPal
586868,1683824999,1209.19,13093,Debit Card
529359,1677893623,832.58,6525,Debit Card
400490,1699866356,472.83,7986,Debit Card
468768,1706709786,331.89,10495,Debit Card
140453,1700374410,844.21,6404,Debit Card
233672,1682277378,121.16,12178,PayPal
584694,1681268824,1029.81,10294,Debit Card
341410,1692439570,1999.93,7473,Credit Card
867082,1689840046,56.02,7208,PayPal
977205,1693154862,174.3,10715,Google Pay
733120,1697817607,462.55,8711,PayPal
219567,1704355074,1204.19,7202,Debit Card
915973,1698679583,649.08,8161,Debit Card
189440,1699397500,42.09,7294,Google Pay
666488,1688177942,1448.06,13713,Debit Card
911522,1691742473,1852.03,5408,Credit Card
880337,1694932448,91.65,11511,Google Pay
267805,1687424118,211.17,11644,Credit Card
996580,1702714519,1428.04,10708,Credit Card
371794,1694208880,1926.17,11540,Credit Card
742338,1706084917,1104.77,10047,PayPal
784089,1679624024,839.58,11777,Debit Card
582632,1701810483,1831.02,11386,Credit Card
292695,1699244929,1299.04,7530,Credit Card
737817,1707159293,473.26,13019,Google Pay
628552,1685183857,831.69,13321,PayPal
293893,1698469421,1234.27,5654,Google Pay
584767,1686703771,854.39,6424,Debit Card
546190,1688838249,858.89,10770,Credit Card
523554,1702942352,77.58,13917,Credit Card
137862,1685257555,1366.61,9287,PayPal
432350,1697263985,199.08,6444,Credit Card
722190,1684463473,1178.79,11584,Credit Card
811975,1695331590,1612.51,9984,Debit Card
691134,1705950758,414.21,9000,Credit Card
474616,1699026645,352.31,8186,PayPal
599546,1684877034,344.72,8205,Credit Card
553169,1690146385,1496.43,5114,Google Pay
455021,1683198225,229.69,7305,PayPal
162770,1703992024,1612.96,8155,PayPal
118035,1678757639,1876.77,6105,Google Pay
653988,1700185143,286.24,8163,Credit Card
105382,1700420517,491.58,12927,Credit Card
959883,1681803705,72.14,8301,PayPal
186980,1678034431,1941.49,13369,Google Pay
389500,1677876152,1333.2,6492,Google Pay
833632,1707858181,809.01,5704,PayPal
946102,1686333812,1716.79,6941,Debit Card
765712,1690980543,1811.77,10349,Credit Card
608130,1693655093,1226.16,11059,PayPal
671800,1685970151,501.15,11595,Google Pay
487100,1679063367,60.16,12124,Google Pay
413099,1683329586,441.12,10231,Credit Card
207075,1695181027,1074.49,10417,Debit Card
834951,1685968123,1027.78,7665,Credit Card
221801,1692571246,214.71,7921,Credit Card
122816,1681251701,1721.87,5874,Credit Card
754130,1695485518,1337.85,7323,Credit Card
159593,1703411880,1113.95,12783,Debit Card
272444,1689838165,139.46,10827,Debit Card
388577,1690458812,550.6,13345,PayPal
633534,1696333997,1856.28,11245,PayPal
137464,1695193823,1026.92,5275,Google Pay
776525,1691925174,881.61,8127,PayPal
107772,1702027540,1004.49,6311,Credit Card
712687,1688246085,1340.61,6558,Credit Card
613652,1683583933,977.17,6603,Credit Card
110500,1676944849,483.27,8186,Google Pay
791493,1688475065,1594.38,9433,Credit Card
962798,1699664163,950.35,13999,PayPal
549258,1694750562,1233.01,13269,Debit Card
154241,1677517213,1695.47,9549,Google Pay
185989,1693267711,1473.54,9740,PayPal
169067,1706602026,1452.26,9375,PayPal
801120,1684427987,931.73,8331,Credit Card
839380,1704076518,1308.3,5731,Google Pay
936675,1682589472,1451.51,7536,Debit Card
955653,1683530615,64.7,13228,PayPal
260705,1698608006,716.73,10711,Credit Card
549195,1706551129,827.04,7696,Debit Card
779709,1697339425,129.26,8040,Credit Card
249680,1685585160,1623.48,8753,Debit Card
386795,1684382814,186.82,12898,PayPal
339521,1689954818,1160.56,6361,Google Pay
558928,1698096165,1973.45,8991,Credit Card
851424,1706545015,434.48,8061,PayPal
847249,1698493875,240.68,9990,Debit Card
800872,1699069527,1068.32,9258,PayPal
551120,1691318064,1577.38,10313,Google Pay
844607,1684108204,884.03,9553,Debit Card
202489,1691012504,670.25,6531,Debit Card
952150,1703427774,956.36,7260,Debit Card
208607,1679745882,1567.96,9541,Google Pay
425934,1699941226,413.26,11439,Google Pay
971382,1684243820,1520.05,8453,Debit Card
685517,1689808845,1193.32,11669,Credit Card
506305,1698090818,1187.57,12165,Credit Card
597661,1699936283,1394.05,10406,Debit Card
665726,1688762567,1960.9,7779,Google Pay
285139,1685724837,939.03,9176,PayPal
516720,1701430010,1748.84,9737,Google Pay
558416,1702629695,136.28,9124,Credit Card
686142,1681820280,977.82,5252,Debit Card
473675,1705516506,1016.05,5600,Credit Card
901409,1679684974,1951.95,12587,PayPal
904313,1689329714,72.86,6037,Debit Card
387612,1695868669,1377.81,8406,Google Pay
377109,1707867655,818.25,6541,PayPal
758641,1683019493,1906.07,11882,Credit Card
379746,1703674061,1580.49,9618,PayPal
800678,1680413963,564.96,9117,Google Pay
183512,1703090773,1526.34,9992,Credit Card
835912,1704586334,1633.39,7473,Debit Card
694222,1691210926,1846.99,5495,PayPal
383629,1697296248,1397.06,6708,Credit Card
183247,1699068234,1182.72,13654,PayPal
551686,1678621397,1318.92,13247,Credit Card
861656,1698982171,610.42,7056,Google Pay
329582,1705405745,438.39,6517,Debit Card
677052,1681254169,1874.94,11100,PayPal
978680,1685991616,770.84,12625,Google Pay
271782,1677990411,1865.85,5000,Credit Card
903796,1691351803,1761.27,11802,Credit Card
206907,1705615603,815.67,13612,Credit Card
154085,1693273581,1202.29,12535,PayPal
557887,1703708789,890.75,9345,Credit Card
619961,1700202636,1121.28,6887,Credit Card
108902,1679626078,1029.36,6398,Debit Card
417672,1692298144,683.95,10761,Google Pay
360597,1696071639,1165.96,10817,Google Pay
305617,1678431393,157.34,7012,PayPal
133664,1682030821,831.97,11927,PayPal
991365,1695310366,1653.95,6074,Debit Card
410909,1699981987,1926.2,8886,Debit Card
630832,1680390923,529.19,8336,PayPal
356095,1679457645,221.82,6612,Google Pay
666283,1683055560,1756.83,10225,Google Pay
516809,1707474399,1329.52,6400,PayPal
562994,1688847467,791.68,10415,Credit Card
595975,1690884091,1468.19,6466,PayPal
707816,1697296742,168.87,5808,Google Pay
943069,1702996811,594.06,6837,Google Pay
339310,1707507705,1987.39,5060,Google Pay
648954,1700187469,381.68,13808,Credit Card
827391,1700264197,597.08,7209,PayPal
105446,1686062286,1490.99,13896,Google Pay
331865,1707868837,723.11,7244,Google Pay
984121,1699315411,1734.39,9392,Debit Card
779702,1694919735,1538.1,6045,PayPal
814710,1697306395,1432.51,13817,Debit Card
363495,1705668837,1235.68,12395,Google Pay
853573,1689323986,1470.59,9616,Debit Card
168468,1693382700,299.15,9391,Credit Card
976629,1686235910,136.31,6341,Google Pay
851122,1686393415,1297.15,9234,Credit Card
137413,1705843221,1411.32,10135,Google Pay
809148,1681364721,1086.24,6927,PayPal
204647,1704969846,878.69,11061,Debit Card
890165,1701009133,585.62,5014,Credit Card
428218,1700937267,265.46,13584,Google Pay
236815,1702306106,210.24,12521,Google Pay
523386,1685556821,1331.68,10593,Google Pay
382853,1705702270,1655.65,7445,Debit Card
678692,1676866402,746.56,9487,PayPal
198733,1704963884,1501.74,6700,Google Pay
226379,1705702556,85.44,5113,Google Pay
352713,1677824729,211.41,8746,Debit Card
738157,1689551606,712.7,11961,Debit Card
517265,1697487105,1511.61,7873,Debit Card
841406,1702508170,926.05,8187,Credit Card
875701,1689709133,1708.82,6660,Credit Card
918220,1685666905,501.85,9145,Debit Card
643202,1703329874,1284.64,11779,Google Pay
925550,1681562519,263.57,7367,Credit Card
654304,1699780611,791.9,7449,Debit Card
446077,1700610715,759.29,9134,Credit Card
141660,1697385461,1632.56,6887,PayPal
392497,1701956028,421.62,11950,PayPal
683089,1697993190,480.36,5772,Debit Card
840043,1707721584,207.91,8781,PayPal
568118,1692994189,603.47,8052,Google Pay
392904,1700301241,1107.1,12774,Credit Card
872307,1688676935,169.64,11044,Debit Card
265740,1696374761,324.28,11532,PayPal
803171,1683166243,1785.56,8714,PayPal
765776,1686328421,1125.78,13108,PayPal
280283,1678858523,1441.84,10457,PayPal
491880,1683437298,224.41,11190,Credit Card
275493,1681747742,778.3,5840,Credit Card
229376,1706186191,971.94,10608,Credit Card
254760,1702915494,1661.66,9095,Debit Card
641509,1688438024,1434.87,5945,Debit Card
484859,1692736413,920.82,7627,PayPal
352374,1695299234,1573.24,5674,Google Pay
206765,1693960657,1564.57,8657,Debit Card
470243,1695135353,1869.57,13744,Credit Card
438284,1683381342,1214.21,7281,PayPal
708129,1693820206,1566.25,7814,Debit Card
852670,1682857262,609.55,11996,Credit Card
279365,1706987800,518.33,13662,Debit Card
751824,1694093347,547.93,10815,Debit Card
470155,1690439690,656.46,13943,Google Pay
368256,1705076433,30.84,5341,PayPal
626399,1694298615,564.46,7578,Debit Card
928749,1707959673,1559.62,10956,Google Pay
122951,1678874383,465.0,13803,Debit Card
714864,1679806371,865.54,13704,PayPal
409503,1686520963,918.04,8240,Google Pay
266351,1689037441,1632.44,10564,Credit Card
948864,1704566412,199.12,12831,Google Pay
964176,1705001382,1934.56,8715,PayPal
810392,1704409127,621.64,10413,Google Pay
140926,1688917724,1390.17,13164,Debit Card
656761,1699651325,461.69,8977,PayPal
500000,1704275027,1618.15,6008,Credit Card
180711,1681883357,578.33,8196,Debit Card
135385,1686162603,1267.96,12511,PayPal
884840,1685641395,1461.9,5707,Credit Card
501637,1706638934,740.92,12001,PayPal
839927,1688204067,1176.0,11145,PayPal
457798,1699467349,800.43,6568,Google Pay
483402,1687470575,735.38,9864,PayPal
624019,1677276938,708.17,8901,Debit Card
244239,1694348087,198.62,11335,Credit Card
141714,1694851244,1525.61,8469,Debit Card
833605,1703183284,1345.86,7947,Credit Card
419697,1692173470,72.35,8906,Google Pay
591559,1685965243,654.19,9644,PayPal
936037,1684765759,567.53,6368,Credit Card
612435,1681313080,186.3,6534,Google Pay
562232,1697355610,1599.81,5547,Debit Card
167324,1677750472,563.27,5255,PayPal
833036,1679167458,1461.86,11585,PayPal
195275,1689793400,1069.05,8480,PayPal
541365,1685351291,1577.42,8842,PayPal
902701,1698448788,445.43,7465,PayPal
136542,1705960645,1544.71,12574,PayPal
937261,1684308285,286.64,9019,PayPal
756251,1687248330,1706.97,5593,Credit Card
528011,1685263869,1852.8,7646,PayPal
195457,1699672580,147.6,8536,PayPal
266297,1698241557,1926.59,10972,Debit Card
309139,1693524826,1562.05,13780,Google Pay
532924,1707036048,1629.04,11672,Google Pay
400877,1692108403,1596.74,7200,Credit Card
656318,1684733986,1235.12,5465,PayPal
120567,1685759034,855.62,8599,Credit Card
281719,1693820993,455.29,12842,PayPal
493000,1696996354,805.26,8442,Credit Card
400732,1706371929,1905.45,12145,Google Pay
898105,1707377500,435.97,12846,Google Pay
740420,1681978060,37.74,7040,Debit Card
316554,1706852512,309.38,9175,Debit Card
244608,1676835623,1560.76,11052,Debit Card
624022,1683568791,623.79,7866,Credit Card
536201,1696137473,725.04,11086,PayPal
632834,1705707735,1198.0,12380,PayPal
626285,1702974809,1036.39,8455,Debit Card
715289,1688864999,1697.61,9474,Google Pay
866967,1679565094,43.22,7849,Debit Card
185347,1698222714,948.06,7911,Debit Card
737398,1700824153,1651.88,10814,Debit Card
460750,1677649807,738.51,9172,Debit Card
870209,1691703397,1239.7,6910,Debit Card
817932,1681578129,1482.27,7022,Google Pay
124703,1698333362,1032.07,7059,Google Pay
694490,1683620575,1616.16,12994,Google Pay
574642,1692022889,1329.8,13355,Debit Card
330743,1692195577,1026.34,5009,PayPal
876143,1707581472,984.16,10436,Credit Card
817429,1706162127,892.91,12323,PayPal
227747,1708336119,979.82,10892,Credit Card
614764,1682084355,1256.0,9254,Credit Card
322737,1702380324,1621.83,5421,Credit Card
993816,1680206972,724.32,9745,Credit Card
485884,1703776945,282.42,8803,Debit Card
426406,1702367204,1613.4,8059,Google Pay
716462,1685083907,223.78,7006,Debit Card
599499,1708085978,1116.61,8970,Debit Card
566278,1684594998,785.17,10852,PayPal
571652,1689436320,1412.25,8217,PayPal
945410,1695262361,1807.29,9508,Credit Card
586369,1697432286,438.32,7589,Credit Card
712009,1695231695,1036.17,6022,PayPal
224341,1706916568,139.57,11335,PayPal
681270,1707134435,1791.98,9751,Credit Card
252690,1696489436,1407.22,5494,Google Pay
570923,1691027132,856.62,13928,Google Pay
422156,1705225955,1654.91,10392,Debit Card
408962,1681248732,1259.2,6187,Debit Card
248955,1707225405,1775.81,10441,Google Pay
803455,1683925306,1692.7,12281,Google Pay
246596,1706633403,1496.29,12340,PayPal
456724,1691480926,1015.56,6722,Debit Card
670207,1707555118,1702.39,5507,PayPal
198618,1706916555,154.19,5642,Credit Card
896890,1680943295,1284.66,5462,Google Pay
133285,1698251188,1156.5,9042,Debit Card
366095,1680657537,1233.29,5333,Debit Card
104219,1707663939,38.19,5214,Credit Card
247568,1699773547,1454.09,9187,Credit Card
926886,1683645478,1705.14,12596,Credit Card
961242,1706429266,127.53,13696,Credit Card
866959,1703844955,1340.41,5340,Debit Card
874274,1704038405,281.29,6127,Credit Card
706116,1678623708,1433.78,13448,Debit Card
562431,1680587770,1596.61,5408,PayPal
603618,1694623783,123.46,7860,PayPal
499096,1695350905,389.54,12380,Credit Card
936604,1705478794,339.67,7691,PayPal
108511,1676847371,1117.5,10392,Credit Card
592605,1707194822,1992.29,9685,Credit Card
886561,1678645744,520.21,6830,PayPal
220496,1692328204,743.67,6972,Credit Card
981678,1697110343,517.74,8341,Google Pay
661706,1678579741,911.95,13573,Credit Card
603788,1702197098,1966.27,8543,Google Pay
979765,1684024521,842.38,5316,Debit Card
983801,1692208681,98.75,12108,PayPal
154222,1689240063,1645.3,13727,Debit Card
589796,1703494249,185.97,11771,Credit Card
310815,1701625203,1499.76,7329,Debit Card
